{
  "working_resolution": [
    6336,
    2688
  ],
  "meters_per_pixel": 0.4734848484848485,
  "peak_alt_m": 500.0,
  "river_alt_m": 0.0,
  "world_width_m": 3000.0,
  "anchor": {
    "river_raw_pct2": 2.5113112926483154,
    "peak_raw_pct99": 7.671958923339844,
    "scale": 96.88706452779064
  },
  "model": "depth-anything/Depth-Anything-V2-Base-hf",
  "device": "mps"
}